LONGITUDE,LATITUDE,FLOOR
-7.639755673464715073e+03,4.864917013526464812e+06,2.000000000000000000e+00
-7.635920096881586687e+03,4.864970479012626223e+06,1.000000000000000000e+00
-7.675095244458881098e+03,4.864934015957063995e+06,2.000000000000000000e+00
-7.645429767897768215e+03,4.864927883309409954e+06,2.000000000000000000e+00
-7.638648836026201025e+03,4.865004811726374552e+06,1.000000000000000000e+00
-7.681056725923761405e+03,4.864931582251109183e+06,0.000000000000000000e+00
-7.642533946483580621e+03,4.864944699063398875e+06,1.000000000000000000e+00
-7.645447895150188742e+03,4.864925667153856717e+06,-0.000000000000000000e+00
-7.630768445102174155e+03,4.864971926157426089e+06,-0.000000000000000000e+00
-7.596918959911183265e+03,4.864981264610373415e+06,0.000000000000000000e+00
-7.588573738943421631e+03,4.864984211363049224e+06,0.000000000000000000e+00
-7.606270740396006659e+03,4.864987406942730770e+06,-0.000000000000000000e+00
-7.605970206760656765e+03,4.864980381769565865e+06,-0.000000000000000000e+00
-7.600545328901753237e+03,4.864985158079520799e+06,-0.000000000000000000e+00
-7.604422804161073145e+03,4.864980823425979353e+06,2.000000000000000000e+00
-7.608118625754411369e+03,4.864978030151232146e+06,1.000000000000000000e+00
-7.680156492591161623e+03,4.864929896077822894e+06,1.000000000000000000e+00
-7.685702775836531146e+03,4.864931725273650140e+06,0.000000000000000000e+00
-7.687215909812183781e+03,4.864931357292911969e+06,0.000000000000000000e+00
-7.688031038660483318e+03,4.864930315429733135e+06,1.000000000000000000e+00
-7.679393838423145098e+03,4.864933264511375688e+06,0.000000000000000000e+00
-7.686043831484946168e+03,4.864931646488359198e+06,0.000000000000000000e+00
-7.636810960737755522e+03,4.864958299830596894e+06,1.000000000000000000e+00
-7.653328440554625558e+03,4.864934115556780249e+06,-0.000000000000000000e+00
-7.661807856176214045e+03,4.864935039196901955e+06,-0.000000000000000000e+00
-7.651032224073482212e+03,4.864935242221303284e+06,0.000000000000000000e+00
-7.663323996851753691e+03,4.864936421938998625e+06,0.000000000000000000e+00
-7.649088448644472919e+03,4.864933784255183302e+06,0.000000000000000000e+00
-7.646996332933586018e+03,4.864931547195267864e+06,0.000000000000000000e+00
-7.640516329080851392e+03,4.864928554856463335e+06,0.000000000000000000e+00
-7.649186753192699143e+03,4.864934138881424442e+06,0.000000000000000000e+00
-7.639476293626791630e+03,4.864921614208801650e+06,0.000000000000000000e+00
-7.639476293626791630e+03,4.864921614208801650e+06,0.000000000000000000e+00
-7.630146559940682891e+03,4.864944981348877773e+06,1.000000000000000000e+00
-7.646940221197710343e+03,4.864932993520331569e+06,0.000000000000000000e+00
-7.621440626416881969e+03,4.864982832823903300e+06,-0.000000000000000000e+00
-7.617947511481287620e+03,4.864980885837987065e+06,-0.000000000000000000e+00
-7.606765490691774176e+03,4.864979659624278545e+06,0.000000000000000000e+00
-7.634345658380440909e+03,4.864985602074471302e+06,0.000000000000000000e+00
-7.637254310325504775e+03,4.864984972712055780e+06,0.000000000000000000e+00
-7.627069534309232949e+03,4.864982021393056028e+06,1.000000000000000000e+00
-7.613135764120989734e+03,4.864977748832666315e+06,1.000000000000000000e+00
-7.614788344585173945e+03,4.864978724304966629e+06,1.000000000000000000e+00
-7.608932664916406793e+03,4.864977333593174815e+06,1.000000000000000000e+00
-7.611527614189717497e+03,4.864978790032101795e+06,1.000000000000000000e+00
-7.601192378208041191e+03,4.864980153710166924e+06,1.000000000000000000e+00
-7.591408310736269414e+03,4.864984271734610200e+06,1.000000000000000000e+00
-7.639849402668552102e+03,4.865007573148444295e+06,1.000000000000000000e+00
-7.593960835792791841e+03,4.864983799875790253e+06,1.000000000000000000e+00
-7.593851362251596584e+03,4.864983239346879534e+06,1.000000000000000000e+00
-7.603502110981672558e+03,4.864980161012499593e+06,1.000000000000000000e+00
-7.625382475893214178e+03,4.864981936593575403e+06,1.000000000000000000e+00
-7.671806817558589501e+03,4.864932041168341413e+06,1.000000000000000000e+00
-7.666465184060794854e+03,4.864937044645222835e+06,1.000000000000000000e+00
-7.644247936903381742e+03,4.864940591447070241e+06,2.000000000000000000e+00
-7.639548350633154769e+03,4.864951373379030265e+06,0.000000000000000000e+00
-7.644560164015739247e+03,4.864923314747450873e+06,-0.000000000000000000e+00
-7.594473191129923180e+03,4.864981265483985655e+06,0.000000000000000000e+00
-7.638405739934292797e+03,4.864987595169357955e+06,0.000000000000000000e+00
-7.638965694140963024e+03,4.864993280554786325e+06,0.000000000000000000e+00
-7.639955162520150225e+03,4.865005984598740935e+06,0.000000000000000000e+00
-7.641758255536507022e+03,4.865006937675379217e+06,-0.000000000000000000e+00
-7.640034706270401330e+03,4.865005527171728201e+06,0.000000000000000000e+00
-7.641033930565602532e+03,4.865008649041058496e+06,-0.000000000000000000e+00
-7.641360469695685424e+03,4.865009612307528965e+06,0.000000000000000000e+00
-7.642081439944234262e+03,4.865005153568352573e+06,-0.000000000000000000e+00
-7.638386242759167544e+03,4.864953830287245102e+06,0.000000000000000000e+00
-7.644941187872622322e+03,4.864947780142839067e+06,1.000000000000000000e+00
-7.651735835622984268e+03,4.864937856369010173e+06,1.000000000000000000e+00
-7.611035601522663455e+03,4.864979310010044836e+06,1.000000000000000000e+00
-7.609331858242224371e+03,4.864978396073579788e+06,2.000000000000000000e+00
-7.600214833353945323e+03,4.864981253851576708e+06,1.000000000000000000e+00
-7.603349451758598661e+03,4.864980324211288244e+06,1.000000000000000000e+00
-7.592552960331187023e+03,4.864983628804590553e+06,1.000000000000000000e+00
-7.596255486751725584e+03,4.864982638308745809e+06,1.000000000000000000e+00
-7.587160568302424508e+03,4.864986097210105509e+06,1.000000000000000000e+00
-7.587929161676285730e+03,4.864985077981529757e+06,1.000000000000000000e+00
-7.597187332787918422e+03,4.864982147200125270e+06,1.000000000000000000e+00
-7.603688594581381039e+03,4.864978417554850690e+06,1.000000000000000000e+00
-7.603975010858670430e+03,4.864979196990116499e+06,1.000000000000000000e+00
-7.607827930602549714e+03,4.864978668184565380e+06,2.000000000000000000e+00
-7.595298374235512711e+03,4.864984851991022937e+06,1.000000000000000000e+00
-7.638403881339783766e+03,4.865006385040953755e+06,1.000000000000000000e+00
-7.600053072586844792e+03,4.864981425973682664e+06,1.000000000000000000e+00
-7.600010701770320338e+03,4.864981495373264886e+06,1.000000000000000000e+00
-7.633574368369378135e+03,4.864981450111375190e+06,1.000000000000000000e+00
-7.640867035050632694e+03,4.864995790300758556e+06,1.000000000000000000e+00
-7.641200392405024104e+03,4.865002918112372048e+06,1.000000000000000000e+00
-7.635813960982734898e+03,4.865002795908465050e+06,1.000000000000000000e+00
-7.631152214695145631e+03,4.864990779459678568e+06,0.000000000000000000e+00
-7.626477490503863010e+03,4.864996891692173667e+06,1.000000000000000000e+00
-7.631303593305445247e+03,4.865000430556831881e+06,1.000000000000000000e+00
-7.643310453209369371e+03,4.865015581617672928e+06,1.000000000000000000e+00
-7.636804010674333767e+03,4.865000790047311224e+06,1.000000000000000000e+00
-7.640901615435275744e+03,4.864995570427795872e+06,1.000000000000000000e+00
-7.638598950718536798e+03,4.864985882408547215e+06,1.000000000000000000e+00
-7.628854531330499412e+03,4.864980392037912272e+06,1.000000000000000000e+00
-7.629879147663321419e+03,4.864971257358537987e+06,1.000000000000000000e+00
-7.637807926669368499e+03,4.864951636664546095e+06,1.000000000000000000e+00
-7.638818523286267009e+03,4.864951961485569365e+06,0.000000000000000000e+00
-7.604728591303742178e+03,4.864983403494231403e+06,-0.000000000000000000e+00
-7.595473501827697874e+03,4.864982309878232889e+06,0.000000000000000000e+00
-7.599042717542773971e+03,4.864980874936405569e+06,0.000000000000000000e+00
-7.595443494225682116e+03,4.864983367651103996e+06,0.000000000000000000e+00
-7.594767430143137062e+03,4.864983536750136875e+06,2.000000000000000000e+00
-7.595102974961371729e+03,4.864983474487554282e+06,2.000000000000000000e+00
-7.604800623887986148e+03,4.864981035902802832e+06,2.000000000000000000e+00
-7.606134998536080275e+03,4.864979074038005434e+06,2.000000000000000000e+00
-7.604859317385234135e+03,4.864979658243463375e+06,2.000000000000000000e+00
-7.621309140636457414e+03,4.864978042034585960e+06,2.000000000000000000e+00
-7.616331884907328458e+03,4.864978960809989832e+06,2.000000000000000000e+00
-7.634531123507249504e+03,4.864965052051852457e+06,2.000000000000000000e+00
-7.647743476918177294e+03,4.864943015595190227e+06,2.000000000000000000e+00
-7.642757306526800676e+03,4.864922562350234017e+06,2.000000000000000000e+00
-7.641411163537138236e+03,4.864920448109725490e+06,2.000000000000000000e+00
-7.641059865616277420e+03,4.864920110088399611e+06,2.000000000000000000e+00
-7.639392384541599313e+03,4.864917255622412078e+06,2.000000000000000000e+00
-7.632720195326182875e+03,4.864979597338431515e+06,1.000000000000000000e+00
-7.634227354210135672e+03,4.864981915552205406e+06,1.000000000000000000e+00
-7.632250370289169041e+03,4.864981739883881994e+06,1.000000000000000000e+00
-7.626359957067859796e+03,4.864979104150416330e+06,1.000000000000000000e+00
-7.635525810104929405e+03,4.864988309924680740e+06,2.000000000000000000e+00
-7.634625093206030215e+03,4.864981901365243830e+06,2.000000000000000000e+00
-7.637850424246274088e+03,4.865005850504867733e+06,1.000000000000000000e+00
-7.639565943172708103e+03,4.865003904847705737e+06,1.000000000000000000e+00
-7.640994988955138979e+03,4.865009017874785699e+06,1.000000000000000000e+00
-7.640231261777739746e+03,4.865005981552066281e+06,1.000000000000000000e+00
-7.638712466042624328e+03,4.864909591349011287e+06,2.000000000000000000e+00
-7.639280276846053312e+03,4.865003357863335870e+06,1.000000000000000000e+00
-7.637937374210161579e+03,4.864905055594870821e+06,2.000000000000000000e+00
-7.641323703722116989e+03,4.865009751263149083e+06,1.000000000000000000e+00
-7.636401620820827702e+03,4.864901261143624783e+06,2.000000000000000000e+00
-7.638946144519004520e+03,4.864997251434918493e+06,1.000000000000000000e+00
-7.641257445061803082e+03,4.864919377805839293e+06,2.000000000000000000e+00
-7.638788890864780114e+03,4.865000773398930207e+06,1.000000000000000000e+00
-7.638550468131595153e+03,4.865008421935878694e+06,1.000000000000000000e+00
-7.643290681194538593e+03,4.864951482393905520e+06,3.000000000000000000e+00
-7.636586301332439689e+03,4.864952363435023464e+06,1.000000000000000000e+00
-7.631840485651073323e+03,4.864971039628773928e+06,0.000000000000000000e+00
-7.629357446751239877e+03,4.864965875879843719e+06,1.000000000000000000e+00
-7.620616532702301811e+03,4.864975328315412626e+06,1.000000000000000000e+00
-7.625622640233785205e+03,4.864982678071598522e+06,1.000000000000000000e+00
-7.619959026593497583e+03,4.864983266288029030e+06,1.000000000000000000e+00
-7.659761970795947491e+03,4.864937523210864514e+06,3.000000000000000000e+00
-7.666253283870697487e+03,4.864939411856662482e+06,3.000000000000000000e+00
-7.679723647119571979e+03,4.864933327876405790e+06,3.000000000000000000e+00
-7.650127396010781013e+03,4.864945208079110831e+06,1.000000000000000000e+00
-7.691628964084657127e+03,4.864929625032271259e+06,3.000000000000000000e+00
-7.599699160251347166e+03,4.864968919528816827e+06,1.000000000000000000e+00
-7.680008760093273850e+03,4.864934433277838863e+06,3.000000000000000000e+00
-7.657258541777254322e+03,4.864932257379481569e+06,3.000000000000000000e+00
-7.648395247812199159e+03,4.864928165592834353e+06,3.000000000000000000e+00
-7.603961779441741783e+03,4.864983511281433515e+06,1.000000000000000000e+00
-7.638895433579024939e+03,4.864913635334208608e+06,3.000000000000000000e+00
-7.637324508272758976e+03,4.864904015954183415e+06,3.000000000000000000e+00
-7.636884413336798389e+03,4.864901180505806580e+06,3.000000000000000000e+00
-7.635893095243308380e+03,4.864898577849955298e+06,3.000000000000000000e+00
-7.636632886127377787e+03,4.864954011423009448e+06,3.000000000000000000e+00
-7.631637756759713739e+03,4.864960434852122329e+06,2.000000000000000000e+00
-7.633773049452923260e+03,4.864963232889803126e+06,3.000000000000000000e+00
-7.633171806239966827e+03,4.864985360687202774e+06,3.000000000000000000e+00
-7.622949395280204953e+03,4.864980537759812549e+06,3.000000000000000000e+00
-7.637013219299973571e+03,4.864999030056415126e+06,3.000000000000000000e+00
-7.640923931703009657e+03,4.865007249760133214e+06,2.000000000000000000e+00
-7.638160092710892968e+03,4.865007743686349131e+06,3.000000000000000000e+00
-7.619158664402248178e+03,4.864981440215950832e+06,1.000000000000000000e+00
-7.604154754858636807e+03,4.864978270255624317e+06,1.000000000000000000e+00
-7.641557670160324051e+03,4.865014579061428085e+06,2.000000000000000000e+00
-7.608294028127845195e+03,4.864978006519752555e+06,1.000000000000000000e+00
-7.602362974965863032e+03,4.864980339135018177e+06,1.000000000000000000e+00
-7.605208283636339729e+03,4.864979288220241666e+06,1.000000000000000000e+00
-7.597823533614960070e+03,4.864982108683070168e+06,1.000000000000000000e+00
-7.623663350494658516e+03,4.864983891050191596e+06,3.000000000000000000e+00
-7.598741891442341512e+03,4.864982257596898824e+06,1.000000000000000000e+00
-7.597823338606734978e+03,4.864982922655249946e+06,1.000000000000000000e+00
-7.597790443754482112e+03,4.864984035712460056e+06,0.000000000000000000e+00
-7.613864208834883357e+03,4.864979877454267815e+06,3.000000000000000000e+00
-7.606427760404813853e+03,4.864982289443391375e+06,3.000000000000000000e+00
-7.596900311737294032e+03,4.864982471688624471e+06,3.000000000000000000e+00
-7.588806294771147805e+03,4.864986080786824226e+06,2.000000000000000000e+00
-7.629410438439334030e+03,4.864987802274888381e+06,3.000000000000000000e+00
-7.644165795537683152e+03,4.864925137664323673e+06,1.000000000000000000e+00
-7.643604053606920388e+03,4.864925975926624611e+06,1.000000000000000000e+00
-7.647373320244152637e+03,4.864939576632494107e+06,1.000000000000000000e+00
-7.636147006427607266e+03,4.864963730879390612e+06,1.000000000000000000e+00
-7.624537148963778236e+03,4.864982157502465881e+06,1.000000000000000000e+00
-7.633051748501292423e+03,4.864981828595807776e+06,1.000000000000000000e+00
-7.634803254413536706e+03,4.864983141742446460e+06,1.000000000000000000e+00
-7.637516222187674430e+03,4.864905560209560208e+06,1.000000000000000000e+00
-7.637184686474788577e+03,4.864902542933809571e+06,2.000000000000000000e+00
-7.637803093486576472e+03,4.864905911321672611e+06,2.000000000000000000e+00
-7.647383558073450331e+03,4.864927607926180586e+06,2.000000000000000000e+00
-7.642765846642864744e+03,4.864923294928840362e+06,2.000000000000000000e+00
-7.651433008382250591e+03,4.864932092713040300e+06,2.000000000000000000e+00
-7.651205237834969921e+03,4.864931415132762864e+06,2.000000000000000000e+00
-7.652425799418963834e+03,4.864931479351916350e+06,1.000000000000000000e+00
-7.645530619703234152e+03,4.864925981563108042e+06,2.000000000000000000e+00
-7.669160008582363844e+03,4.864939298458751291e+06,2.000000000000000000e+00
-7.674895803425266422e+03,4.864934194950713776e+06,2.000000000000000000e+00
-7.681051269150816552e+03,4.864931670807701536e+06,2.000000000000000000e+00
-7.660427834831920336e+03,4.864941626057245769e+06,1.000000000000000000e+00
-7.680504990795898266e+03,4.864931670267892070e+06,2.000000000000000000e+00
-7.669354954134049876e+03,4.864936127457843162e+06,2.000000000000000000e+00
-7.685581672562981112e+03,4.864929292708628811e+06,2.000000000000000000e+00
-7.686300779274090928e+03,4.864930667075176723e+06,3.000000000000000000e+00
-7.641167001142016488e+03,4.864949420431163162e+06,1.000000000000000000e+00
-7.634654971541329360e+03,4.864961821435474791e+06,1.000000000000000000e+00
-7.628732132294856456e+03,4.864982606423604302e+06,1.000000000000000000e+00
-7.632177123590857263e+03,4.864987467869881541e+06,1.000000000000000000e+00
-7.629819784341145350e+03,4.864984745862001553e+06,2.000000000000000000e+00
-7.632951270877289062e+03,4.864991099207466468e+06,2.000000000000000000e+00
-7.630450103450682946e+03,4.864982587171585299e+06,3.000000000000000000e+00
-7.638875324082860971e+03,4.865000734239331447e+06,2.000000000000000000e+00
-7.636526562090823063e+03,4.864999979517992586e+06,2.000000000000000000e+00
-7.639920703765540566e+03,4.865007050689830445e+06,2.000000000000000000e+00
-7.637478805987795567e+03,4.864996946770790033e+06,2.000000000000000000e+00
-7.639570733041019594e+03,4.865006794133715332e+06,2.000000000000000000e+00
-7.641297388572610544e+03,4.865011501875537448e+06,2.000000000000000000e+00
-7.638761373204093616e+03,4.865005595778251067e+06,2.000000000000000000e+00
-7.624424472843355034e+03,4.864981665732946247e+06,1.000000000000000000e+00
-7.628713106717298615e+03,4.864968161506056786e+06,2.000000000000000000e+00
-7.632905017751448213e+03,4.864966147649855353e+06,2.000000000000000000e+00
-7.633948390275085330e+03,4.864961725849113427e+06,1.000000000000000000e+00
-7.627813999973165664e+03,4.864969213733338751e+06,1.000000000000000000e+00
-7.634997388532177865e+03,4.864962133546535857e+06,2.000000000000000000e+00
-7.637583333083718571e+03,4.864988711377264000e+06,1.000000000000000000e+00
-7.616774401461048910e+03,4.864976954815694131e+06,1.000000000000000000e+00
-7.637272982351100836e+03,4.864954622763164341e+06,1.000000000000000000e+00
-7.642865756826105098e+03,4.864949459166415036e+06,1.000000000000000000e+00
-7.643313071917386878e+03,4.864945198403610848e+06,0.000000000000000000e+00
-7.595853370318626730e+03,4.864982355572295375e+06,1.000000000000000000e+00
-7.598638904430415096e+03,4.864982141713886522e+06,1.000000000000000000e+00
-7.600355988099520800e+03,4.864981318065145053e+06,1.000000000000000000e+00
-7.600094353543187026e+03,4.864980815474333242e+06,1.000000000000000000e+00
-7.600335450352751650e+03,4.864980990118610673e+06,1.000000000000000000e+00
-7.598106541418919733e+03,4.864982286425760016e+06,1.000000000000000000e+00
-7.596356478314149172e+03,4.864983580358144827e+06,1.000000000000000000e+00
-7.595962577596243136e+03,4.864983877302392386e+06,1.000000000000000000e+00
-7.597710923881276358e+03,4.864982363088720478e+06,1.000000000000000000e+00
-7.604600596278920420e+03,4.864979728846271522e+06,1.000000000000000000e+00
-7.605335724858399772e+03,4.864980449801506475e+06,0.000000000000000000e+00
-7.603775123693964815e+03,4.864980048965509981e+06,1.000000000000000000e+00
-7.617133467208258480e+03,4.864980038761741482e+06,1.000000000000000000e+00
-7.607266948364893324e+03,4.864980519129710272e+06,0.000000000000000000e+00
-7.612456391550471380e+03,4.864979688310980797e+06,1.000000000000000000e+00
-7.613865866204652775e+03,4.864979322761802934e+06,1.000000000000000000e+00
-7.604240723652650559e+03,4.864981107213337906e+06,1.000000000000000000e+00
-7.621421892979127733e+03,4.864979673997994512e+06,1.000000000000000000e+00
-7.632367201920554180e+03,4.864983215549156070e+06,1.000000000000000000e+00
-7.629038733691195375e+03,4.864981902680518106e+06,1.000000000000000000e+00
-7.635649444895287161e+03,4.864993408701662906e+06,1.000000000000000000e+00
-7.638991530073210924e+03,4.864997847937054001e+06,1.000000000000000000e+00
-7.637296641023814118e+03,4.865000661903426982e+06,1.000000000000000000e+00
-7.638238154082040637e+03,4.865002589395492338e+06,1.000000000000000000e+00
-7.641105991388590155e+03,4.865011969403831288e+06,1.000000000000000000e+00
-7.639974538975436190e+03,4.865006635620952584e+06,1.000000000000000000e+00
-7.592359556100695045e+03,4.864983787737260573e+06,1.000000000000000000e+00
-7.606549238342018725e+03,4.864978560707839206e+06,1.000000000000000000e+00
-7.604574605331299608e+03,4.864978944749387912e+06,1.000000000000000000e+00
-7.600881239709612601e+03,4.864980541566475295e+06,1.000000000000000000e+00
-7.619097805406701809e+03,4.864978687450773083e+06,1.000000000000000000e+00
-7.642754746078132484e+03,4.864952593169959262e+06,1.000000000000000000e+00
-7.683550560209743708e+03,4.864930601942354813e+06,1.000000000000000000e+00
-7.674982513163591648e+03,4.864933500883584842e+06,1.000000000000000000e+00
-7.638662006326729170e+03,4.864916164912329055e+06,2.000000000000000000e+00
-7.647466440819124728e+03,4.864928462267802097e+06,2.000000000000000000e+00
-7.646485273792596672e+03,4.864929121499337256e+06,2.000000000000000000e+00
-7.644556745638892608e+03,4.864926592012515292e+06,2.000000000000000000e+00
-7.641017447990337132e+03,4.864919608967116103e+06,2.000000000000000000e+00
-7.640916511531795550e+03,4.864918976914625615e+06,2.000000000000000000e+00
-7.641784316389933338e+03,4.864921387791401707e+06,2.000000000000000000e+00
-7.641485801444479875e+03,4.864921542333585210e+06,2.000000000000000000e+00
-7.646773934292597914e+03,4.864926755211249925e+06,2.000000000000000000e+00
-7.644253816758509856e+03,4.864924408490835689e+06,2.000000000000000000e+00
-7.641543034561065724e+03,4.864920840426295064e+06,2.000000000000000000e+00
-7.640640956122261741e+03,4.864919173553371802e+06,2.000000000000000000e+00
-7.635358105873448039e+03,4.864960678270284086e+06,1.000000000000000000e+00
-7.629554348927377760e+03,4.864973590409847908e+06,1.000000000000000000e+00
-7.633287308463445697e+03,4.864966574908819981e+06,1.000000000000000000e+00
-7.621988937292840092e+03,4.864977662924489938e+06,1.000000000000000000e+00
-7.638399494417211827e+03,4.864953684629685245e+06,1.000000000000000000e+00
-7.634282895394079787e+03,4.864963905605379492e+06,1.000000000000000000e+00
-7.606224221197541738e+03,4.864978945477620699e+06,1.000000000000000000e+00
-7.636258750541734116e+03,4.864962164100499824e+06,1.000000000000000000e+00
-7.643486849411892763e+03,4.864952041702995077e+06,1.000000000000000000e+00
-7.633538665238038448e+03,4.864963891286154278e+06,1.000000000000000000e+00
-7.627588141094895946e+03,4.864980249059068970e+06,1.000000000000000000e+00
-7.657833677526333304e+03,4.864943697256536223e+06,1.000000000000000000e+00
-7.605638694820918317e+03,4.864978518683956005e+06,1.000000000000000000e+00
-7.628767405881490959e+03,4.864978705923014320e+06,2.000000000000000000e+00
-7.649848950562350183e+03,4.864934487630501390e+06,1.000000000000000000e+00
-7.598893760950213618e+03,4.864981254896879196e+06,1.000000000000000000e+00
-7.639752374274570684e+03,4.865001026849238202e+06,2.000000000000000000e+00
-7.653609348084259182e+03,4.864936962598729879e+06,1.000000000000000000e+00
-7.602399313607827935e+03,4.864981089446080849e+06,1.000000000000000000e+00
-7.632579329442002745e+03,4.864974385451810434e+06,3.000000000000000000e+00
-7.596210195302896864e+03,4.864983545795977116e+06,1.000000000000000000e+00
-7.638617340015153786e+03,4.864996036288891919e+06,2.000000000000000000e+00
-7.597369311727447894e+03,4.864984156542912126e+06,1.000000000000000000e+00
-7.636939721666735750e+03,4.864999476819118485e+06,3.000000000000000000e+00
-7.663776347145774707e+03,4.864940646984282881e+06,1.000000000000000000e+00
-7.645801453175401548e+03,4.864944584838470444e+06,2.000000000000000000e+00
-7.607135743906746029e+03,4.864981715979324654e+06,1.000000000000000000e+00
-7.662263773141557976e+03,4.864930876008631662e+06,1.000000000000000000e+00
-7.639369269948458168e+03,4.865006035925528966e+06,2.000000000000000000e+00
-7.641217685803589120e+03,4.865009059803302400e+06,2.000000000000000000e+00
-7.596216082593499777e+03,4.864984403208957054e+06,-0.000000000000000000e+00
-7.649646441462880830e+03,4.864924020468286239e+06,1.000000000000000000e+00
-7.605879802734392797e+03,4.864985200870817527e+06,2.000000000000000000e+00
-7.643068528889387380e+03,4.865015761856195517e+06,2.000000000000000000e+00
-7.628730943369221677e+03,4.864964691737839021e+06,1.000000000000000000e+00
-7.639833796134465956e+03,4.864916867126611993e+06,1.000000000000000000e+00
-7.597838331197148364e+03,4.864983308544668369e+06,2.000000000000000000e+00
-7.642975594725232440e+03,4.864921996260083281e+06,1.000000000000000000e+00
-7.642366632673977620e+03,4.865014893340491690e+06,3.000000000000000000e+00
-7.605197625934779353e+03,4.864972941371927038e+06,2.000000000000000000e+00
-7.601613020008511739e+03,4.864981509381439537e+06,2.000000000000000000e+00
-7.675849764068365403e+03,4.864933388876729645e+06,0.000000000000000000e+00
-7.638095396199591960e+03,4.864995295620720834e+06,2.000000000000000000e+00
-7.640759494969081061e+03,4.865013813537618145e+06,3.000000000000000000e+00
-7.646232516727083748e+03,4.864918714860815555e+06,0.000000000000000000e+00
-7.641733773315995677e+03,4.865010170740780421e+06,2.000000000000000000e+00
-7.607373443523007154e+03,4.864978349192922935e+06,2.000000000000000000e+00
-7.601608177178823098e+03,4.864981342915301211e+06,2.000000000000000000e+00
-7.640354755140060661e+03,4.864916919916177168e+06,2.000000000000000000e+00
-7.657775562399245246e+03,4.864921623804153875e+06,1.000000000000000000e+00
-7.625770842880710006e+03,4.864977302673555911e+06,2.000000000000000000e+00
-7.666994752817121480e+03,4.864935917161598802e+06,2.000000000000000000e+00
-7.637810241586265875e+03,4.864910828599954024e+06,2.000000000000000000e+00
-7.600531455326456125e+03,4.864980766270811670e+06,2.000000000000000000e+00
-7.667623298193915616e+03,4.864936264614728279e+06,2.000000000000000000e+00
-7.628501003702165690e+03,4.864978495895478874e+06,2.000000000000000000e+00
-7.612450296438919395e+03,4.864973443293691613e+06,3.000000000000000000e+00
-7.664321100461521382e+03,4.864938591031431220e+06,2.000000000000000000e+00
-7.653345033123187022e+03,4.864935977484800853e+06,1.000000000000000000e+00
-7.651126053028464412e+03,4.864933823977568187e+06,2.000000000000000000e+00
-7.637648157590936535e+03,4.865003507514416240e+06,2.000000000000000000e+00
-7.611305189032839735e+03,4.864977728916626424e+06,2.000000000000000000e+00
-7.610777450113097075e+03,4.864980064599254169e+06,2.000000000000000000e+00
-7.602859185827407600e+03,4.864976968727326021e+06,3.000000000000000000e+00
-7.658705897763407847e+03,4.864937692091912031e+06,2.000000000000000000e+00
-7.638745830526513600e+03,4.865004947467932478e+06,2.000000000000000000e+00
-7.597488439243809808e+03,4.864983042530022562e+06,3.000000000000000000e+00
-7.649065350745778233e+03,4.864933504929106683e+06,2.000000000000000000e+00
-7.612822788556612977e+03,4.864980108261683024e+06,2.000000000000000000e+00
-7.641989353906355063e+03,4.864943268155343831e+06,1.000000000000000000e+00
-7.667552022205229150e+03,4.864938159622862004e+06,2.000000000000000000e+00
-7.640222323252261049e+03,4.865002442046688870e+06,2.000000000000000000e+00
-7.681679219090152401e+03,4.864927216700889170e+06,1.000000000000000000e+00
-7.644988863230854804e+03,4.864928439755107276e+06,2.000000000000000000e+00
-7.644331332508230844e+03,4.864945971949776635e+06,1.000000000000000000e+00
-7.640439167933004683e+03,4.864921088006596081e+06,1.000000000000000000e+00
-7.628842525728075088e+03,4.864985868232221343e+06,1.000000000000000000e+00
-7.640448026150032092e+03,4.865003127330583520e+06,2.000000000000000000e+00
-7.597416412543509978e+03,4.864981986771112308e+06,4.000000000000000000e+00
-7.639444336551183369e+03,4.864914941758557223e+06,2.000000000000000000e+00
-7.649913447443389487e+03,4.864937192004494369e+06,1.000000000000000000e+00
-7.613969274014217262e+03,4.864985921071343124e+06,2.000000000000000000e+00
-7.638130772293478003e+03,4.864910872854876332e+06,2.000000000000000000e+00
-7.634313968573782404e+03,4.864987965620228089e+06,2.000000000000000000e+00
-7.640273652282214243e+03,4.865002870318561792e+06,2.000000000000000000e+00
-7.648156540947798931e+03,4.864932287854172289e+06,1.000000000000000000e+00
-7.608458158809366978e+03,4.864979618939390406e+06,2.000000000000000000e+00
-7.650909940675880534e+03,4.864964630189604126e+06,1.000000000000000000e+00
-7.669025255389482481e+03,4.864936834188597277e+06,3.000000000000000000e+00
-7.663671372286940823e+03,4.864938243235100061e+06,1.000000000000000000e+00
-7.636294603860934330e+03,4.864905219550129026e+06,2.000000000000000000e+00
-7.616645271359492654e+03,4.864975007358577102e+06,3.000000000000000000e+00
-7.599032020520759033e+03,4.864982400658128783e+06,2.000000000000000000e+00
-7.639903055926120942e+03,4.865006672585044987e+06,2.000000000000000000e+00
-7.616324843880350272e+03,4.864987135631044395e+06,0.000000000000000000e+00
-7.661345455922071778e+03,4.864940237662897445e+06,3.000000000000000000e+00
-7.643289132741420872e+03,4.864911922651270404e+06,1.000000000000000000e+00
-7.632125327377989379e+03,4.864969265468485653e+06,2.000000000000000000e+00
-7.667604623688986067e+03,4.864936213424685411e+06,0.000000000000000000e+00
-7.595084550227547879e+03,4.864983472938444465e+06,2.000000000000000000e+00
-7.662229402794349880e+03,4.864936889851199463e+06,1.000000000000000000e+00
-7.644544340171687509e+03,4.864923631735613570e+06,1.000000000000000000e+00
-7.631294608229783080e+03,4.864967244153262116e+06,2.000000000000000000e+00
-7.666227459238679330e+03,4.864936789558484219e+06,1.000000000000000000e+00
-7.642938225179677829e+03,4.864916986265698448e+06,1.000000000000000000e+00
-7.674913310430790261e+03,4.864935287262819707e+06,1.000000000000000000e+00
-7.643369413721786259e+03,4.864916964838609099e+06,1.000000000000000000e+00
-7.640817320028900212e+03,4.864917095786160789e+06,1.000000000000000000e+00
-7.643195458890171722e+03,4.864917104153769091e+06,1.000000000000000000e+00
-7.641946786432268709e+03,4.865006364481816068e+06,0.000000000000000000e+00
-7.598447606577283295e+03,4.864982013981601223e+06,3.000000000000000000e+00
-7.680145809043292502e+03,4.864932158573982306e+06,1.000000000000000000e+00
-7.643065892958796212e+03,4.864941924542571418e+06,2.000000000000000000e+00
-7.635075366403814769e+03,4.864901400625249371e+06,1.000000000000000000e+00
-7.647591672117028793e+03,4.864933324023874477e+06,2.000000000000000000e+00
-7.677924530342002981e+03,4.864933230296336114e+06,1.000000000000000000e+00
-7.653385029041195594e+03,4.864936652579577640e+06,0.000000000000000000e+00
-7.641229342788719805e+03,4.865005499096582644e+06,-0.000000000000000000e+00
-7.646709803404215563e+03,4.864931367741534486e+06,2.000000000000000000e+00
-7.677131989456896008e+03,4.864933617228109390e+06,1.000000000000000000e+00
-7.642487115941781667e+03,4.864923012801326811e+06,2.000000000000000000e+00
-7.682628224307348319e+03,4.864931174808896147e+06,1.000000000000000000e+00
-7.638457510052612633e+03,4.864910934172037989e+06,1.000000000000000000e+00
-7.681137089707435734e+03,4.864932340699129738e+06,1.000000000000000000e+00
-7.639032946961458947e+03,4.865006457274815068e+06,2.000000000000000000e+00
-7.637665745827799583e+03,4.864898832682605833e+06,1.000000000000000000e+00
-7.690422179985875118e+03,4.864928393219063058e+06,1.000000000000000000e+00
-7.633444463286594328e+03,4.864888173876150511e+06,2.000000000000000000e+00
-7.641418719088650505e+03,4.864944596369778737e+06,0.000000000000000000e+00
-7.602561384505223032e+03,4.864980611419934779e+06,3.000000000000000000e+00
-7.690800220799392264e+03,4.864928759804400615e+06,1.000000000000000000e+00
-7.638895926159269038e+03,4.865010141813622788e+06,2.000000000000000000e+00
-7.598834845190395754e+03,4.864980994726487435e+06,0.000000000000000000e+00
-7.618406871264278379e+03,4.864971217304554768e+06,3.000000000000000000e+00
-7.642062654758368808e+03,4.864909583693140186e+06,1.000000000000000000e+00
-7.638370729355331605e+03,4.864905637099865824e+06,1.000000000000000000e+00
-7.617362170677607537e+03,4.864975538787633181e+06,3.000000000000000000e+00
-7.646993502669792178e+03,4.864930865002555773e+06,1.000000000000000000e+00
-7.629677786467905207e+03,4.864974829566907138e+06,0.000000000000000000e+00
-7.653492755303469494e+03,4.864941045978951268e+06,1.000000000000000000e+00
-7.642357295530227930e+03,4.864919092264967971e+06,1.000000000000000000e+00
-7.644096665395279160e+03,4.864921231948529370e+06,1.000000000000000000e+00
-7.626545781556337715e+03,4.864983123698729090e+06,3.000000000000000000e+00
-7.640900558700345755e+03,4.865006570105988532e+06,2.000000000000000000e+00
-7.655280926659001125e+03,4.864941356635056436e+06,1.000000000000000000e+00
-7.644996699387218541e+03,4.864924075280908495e+06,1.000000000000000000e+00
-7.642878899389466824e+03,4.864949397105391137e+06,1.000000000000000000e+00
-7.630606157480387992e+03,4.864964790490548126e+06,1.000000000000000000e+00
-7.655905111093583400e+03,4.864940681008968502e+06,1.000000000000000000e+00
-7.642350694253182155e+03,4.865007426750116050e+06,2.000000000000000000e+00
-7.609601488201825305e+03,4.864974092467651702e+06,2.000000000000000000e+00
-7.648398402577568959e+03,4.864930725367303938e+06,1.000000000000000000e+00
-7.630192361935532062e+03,4.864973363037872128e+06,0.000000000000000000e+00
-7.599628442078112130e+03,4.864979334338833578e+06,2.000000000000000000e+00
-7.672513913098920966e+03,4.864931560013627633e+06,1.000000000000000000e+00
-7.638937158255374015e+03,4.864987110255248845e+06,2.000000000000000000e+00
-7.594486559003968978e+03,4.864984681718368083e+06,3.000000000000000000e+00
-7.646042404378998071e+03,4.865013202095592394e+06,2.000000000000000000e+00
-7.656024631095074255e+03,4.864931716328467242e+06,1.000000000000000000e+00
-7.672542293961550968e+03,4.864931734157844447e+06,1.000000000000000000e+00
-7.596386373287847164e+03,4.864982852663416415e+06,3.000000000000000000e+00
-7.636925512932387392e+03,4.865002885837293230e+06,3.000000000000000000e+00
-7.658593641099873821e+03,4.864942282345986925e+06,2.000000000000000000e+00
-7.649313613664971854e+03,4.864937514172265306e+06,3.000000000000000000e+00
-7.671865221165340699e+03,4.864938134742629714e+06,2.000000000000000000e+00
-7.626114877113310285e+03,4.864986745860948227e+06,3.000000000000000000e+00
-7.678494591469720035e+03,4.864933896912811324e+06,2.000000000000000000e+00
-7.680502119193986800e+03,4.864930643119659275e+06,1.000000000000000000e+00
-7.672430483721076598e+03,4.864935396786306985e+06,3.000000000000000000e+00
-7.685997482993531776e+03,4.864931521055550314e+06,2.000000000000000000e+00
-7.640435498472042127e+03,4.865008190445981920e+06,2.000000000000000000e+00
-7.630606157480387992e+03,4.864964790490548126e+06,1.000000000000000000e+00
-7.673473432239026806e+03,4.864932035251277499e+06,1.000000000000000000e+00
-7.628433253258184777e+03,4.864977914713124745e+06,3.000000000000000000e+00
-7.624533313411830022e+03,4.864975053244461305e+06,2.000000000000000000e+00
-7.680007752588219773e+03,4.864932846219268627e+06,1.000000000000000000e+00
-7.672177193627690940e+03,4.864934892680517398e+06,0.000000000000000000e+00
-7.656477084005832694e+03,4.864935164230049588e+06,2.000000000000000000e+00
-7.635780367446060154e+03,4.864961294778840616e+06,1.000000000000000000e+00
-7.649142900310343975e+03,4.864925244020638056e+06,0.000000000000000000e+00
-7.638397305951953967e+03,4.865001024441651069e+06,3.000000000000000000e+00
-7.636482349205572973e+03,4.864998319478122517e+06,3.000000000000000000e+00
-7.642526338469426264e+03,4.864917688522974961e+06,2.000000000000000000e+00
-7.683143651281488019e+03,4.864929961436492391e+06,3.000000000000000000e+00
-7.606679553611998926e+03,4.864975597492045723e+06,2.000000000000000000e+00
-7.641875407443337281e+03,4.865010506568123586e+06,3.000000000000000000e+00
-7.637242843632861877e+03,4.864903840223826468e+06,2.000000000000000000e+00
-7.640813441309719565e+03,4.864954815667916089e+06,3.000000000000000000e+00
-7.639231116647153613e+03,4.864996572959459387e+06,3.000000000000000000e+00
-7.631782606321658022e+03,4.864962021151856519e+06,2.000000000000000000e+00
-7.644512782862860149e+03,4.865009585767473094e+06,2.000000000000000000e+00
-7.626052646386189735e+03,4.864984297444448806e+06,3.000000000000000000e+00
-7.652928422317482728e+03,4.864939138529295102e+06,3.000000000000000000e+00
-7.644659219868625769e+03,4.865004652092765085e+06,2.000000000000000000e+00
-7.685895573952615450e+03,4.864930665006380528e+06,0.000000000000000000e+00
-7.638938368908304255e+03,4.864964944558432326e+06,2.000000000000000000e+00
-7.631782606321658022e+03,4.864962021151856519e+06,2.000000000000000000e+00
-7.599643621119466843e+03,4.864980954302225262e+06,3.000000000000000000e+00
-7.680324454821370637e+03,4.864929815823160112e+06,0.000000000000000000e+00
-7.644335026208258569e+03,4.864941969520211220e+06,2.000000000000000000e+00
-7.681201507735794621e+03,4.864931294083550572e+06,0.000000000000000000e+00
-7.626663394145978600e+03,4.864978177626451477e+06,3.000000000000000000e+00
-7.641444078850920050e+03,4.864995524143219925e+06,2.000000000000000000e+00
-7.623748487913044301e+03,4.864984069861504249e+06,2.000000000000000000e+00
-7.636769414571338530e+03,4.865006078934951685e+06,0.000000000000000000e+00
-7.637611590618572336e+03,4.864907526128308848e+06,3.000000000000000000e+00
-7.661740734843224345e+03,4.864939534525285475e+06,3.000000000000000000e+00
-7.661639558704172487e+03,4.864946032305093482e+06,1.000000000000000000e+00
-7.652750244690909312e+03,4.864938612666511908e+06,0.000000000000000000e+00
-7.668122112042613480e+03,4.864933758916322142e+06,-0.000000000000000000e+00
-7.663616614461700919e+03,4.864938461486428976e+06,2.000000000000000000e+00
-7.606201059552980041e+03,4.864979594346792437e+06,2.000000000000000000e+00
-7.621493427609394530e+03,4.864989969296514988e+06,1.000000000000000000e+00
-7.624184431802840663e+03,4.864976369760243222e+06,3.000000000000000000e+00
-7.638687107318579365e+03,4.864906621980315074e+06,3.000000000000000000e+00
-7.599511519777177455e+03,4.864981780769164674e+06,2.000000000000000000e+00
-7.650651469469492440e+03,4.864937122928156517e+06,1.000000000000000000e+00
-7.640807006229840226e+03,4.864909855180934072e+06,3.000000000000000000e+00
-7.599110021193509056e+03,4.864983267334653065e+06,3.000000000000000000e+00
-7.597086674691675398e+03,4.864982413964128122e+06,2.000000000000000000e+00
-7.652378243780540288e+03,4.864937363162104040e+06,1.000000000000000000e+00
-7.665974118895151150e+03,4.864930476751263253e+06,1.000000000000000000e+00
-7.634039437908712898e+03,4.864979692150421441e+06,3.000000000000000000e+00
-7.673949042482671757e+03,4.864935054413020611e+06,3.000000000000000000e+00
-7.653126886452304461e+03,4.864938309079640545e+06,1.000000000000000000e+00
-7.634951708010637958e+03,4.864955072088523768e+06,0.000000000000000000e+00
-7.638750768640631577e+03,4.864997502647064626e+06,2.000000000000000000e+00
-7.672790096890817949e+03,4.864936049753709696e+06,3.000000000000000000e+00
-7.665335556243123392e+03,4.864939664453507401e+06,1.000000000000000000e+00
-7.616166756360525142e+03,4.864976422385965474e+06,2.000000000000000000e+00
-7.632659938421721563e+03,4.864957688676968217e+06,1.000000000000000000e+00
-7.639576024505194255e+03,4.865004483473544009e+06,2.000000000000000000e+00
-7.649145481976745941e+03,4.864934973864372820e+06,1.000000000000000000e+00
-7.691233041801134277e+03,4.864929122316556051e+06,3.000000000000000000e+00
-7.638099446319180970e+03,4.865002654068691656e+06,2.000000000000000000e+00
-7.634077342041292468e+03,4.864984767147529870e+06,2.000000000000000000e+00
-7.630268888397261435e+03,4.864958737212664448e+06,2.000000000000000000e+00
-7.637441559361318468e+03,4.864998287122503854e+06,2.000000000000000000e+00
-7.638748996459400587e+03,4.865003796339078806e+06,2.000000000000000000e+00
-7.639628433415421568e+03,4.865006194596662186e+06,2.000000000000000000e+00
-7.676335388433124535e+03,4.864932864934300072e+06,3.000000000000000000e+00
-7.641375164576549651e+03,4.864952885934195481e+06,2.000000000000000000e+00
-7.605339392641498307e+03,4.864980607462565415e+06,0.000000000000000000e+00
-7.646776450627301529e+03,4.864930605847008526e+06,2.000000000000000000e+00
-7.641241084482996484e+03,4.864919187691966072e+06,2.000000000000000000e+00
-7.635082703809223858e+03,4.864899046420903876e+06,2.000000000000000000e+00
-7.636400602190120480e+03,4.864903507564633153e+06,2.000000000000000000e+00
-7.637319067018292117e+03,4.864906401859360747e+06,2.000000000000000000e+00
-7.595902454004130959e+03,4.864984412475475110e+06,1.000000000000000000e+00
-7.598909020951462480e+03,4.864983612583317794e+06,1.000000000000000000e+00
-7.641124247864836434e+03,4.865008436245914549e+06,1.000000000000000000e+00
-7.687737821284794336e+03,4.864929169717420824e+06,2.000000000000000000e+00
-7.641816563108416631e+03,4.865011244933156297e+06,1.000000000000000000e+00
-7.660712448639737886e+03,4.864935066543578170e+06,2.000000000000000000e+00
-7.650821983617375736e+03,4.864929598826191388e+06,2.000000000000000000e+00
-7.638342932372722316e+03,4.864906462377166376e+06,2.000000000000000000e+00
-7.593885617677229675e+03,4.864983806326462887e+06,1.000000000000000000e+00
-7.639425986994284358e+03,4.864919040826909244e+06,-0.000000000000000000e+00
-7.639020782408357263e+03,4.864915841321022250e+06,-0.000000000000000000e+00
-7.638370594084562981e+03,4.864919146126716398e+06,0.000000000000000000e+00
